CommitHash,CommitDate
4787649c831a47ac4637fd489f5b2138c5e5fa62,2016-02-10 15:12:35+01:00
a98aa6de60c4ed4515e3716018a075a59e435d93,2016-02-09 20:54:27+01:00
8a41ad792ad902aa14ac54a28a47d6f7d4658b55,2020-10-13 04:37:12+00:00
cf818143b9231d9dac8de760708b8bfdc27c9fa0,2020-10-09 13:38:36-04:00
2f50a2b4cf6eb59ed066142c77c6fb2faf95bbbd,2020-05-20 18:16:38+02:00
14d40e20276d8923521413465241017bfdc874c0,2020-05-20 16:28:02+02:00
3475301b7bb9d4728c1253c6c60a87536ef8d54f,2016-08-04 11:54:07+02:00
942f04b2209b4f10d06a73c6a492595a71290ed7,2016-08-03 17:45:58+02:00
8c9f1d19e96598b779379b767fa2762f9429b945,2016-08-11 17:45:10+02:00
9dc62bac9890e51f9f26741f8d38eefa2baa2585,2016-08-11 16:59:55+02:00
14d40e20276d8923521413465241017bfdc874c0,2020-05-20 16:28:02+02:00
b9541392eb77306d2208d470ba9c3eab49257874,2020-05-07 15:06:05+02:00
fd7d9c8319763b926d2021b8e1bb2caee9c88bd3,2014-06-18 07:09:31+00:00
ebf99b47c3d04c17e4cdb5f6b01710cb8914073e,2014-06-18 07:08:06+00:00
dbf694e598bdfc5e97975b04427a9dc63b6ad54f,2014-07-16 12:20:26+00:00
f6a3dc0483c7375b1e7efe0908bb41fa8b83e74a,2014-07-15 16:24:49+00:00
4549a1456c8e3cc501fbb83a3d2b9609de4b77c9,2015-05-07 11:40:47+00:00
9291d78dfb5f233a637751cb30129bc20353792b,2015-05-05 10:34:54+00:00
9d797e8f75c5d68ccc8c59b7c6c0c2a556becc9f,2015-12-22 12:29:47+00:00
cf49fb07ca75049e9a30563e2d200faa95264270,2015-10-27 18:01:02+00:00
7ded9c6e499fe19e9adad6e86a8de7ec22ba65e9,2016-07-08 11:14:16+02:00
efee1d5944937b6c8627e33ec449e0028c902f50,2016-07-08 11:06:49+02:00
9b1a1a039814551efebda5d9a6336330d70d1562,2017-02-07 12:11:21+01:00
cc494f7f49a6c7650403f8e1f2bb273568f7350b,2017-02-06 13:02:34+01:00
ef3ddc25318cccf141ee8f3e096d0b0446c228bb,2017-04-12 16:23:57+02:00
a867cc539c9163707ba010ea710ff7eddb10b1a9,2017-04-11 12:12:14+02:00
5e52435b130dc4752ea479ff3c2283e716185c65,2017-09-27 11:40:51+02:00
c36f0a250394b28202c233c992e2d2dc786225c8,2017-09-19 11:17:28+02:00
3edbab0bd21c3eb42417ffa358ef508644260ae0,2017-12-19 15:12:05+01:00
6ee934c7e3f0bad4c0a00789aeed0af7a8b46db0,2017-12-12 16:25:07+01:00
589f04849d14928aad2e52e867f89c7f2349d893,2019-03-12 13:08:57+01:00
856d29711438a607937dc66ef01adf5c024ed527,2019-03-08 11:22:47+01:00
ef9cab6162c5bdef14f7fdcc224b7854c39dc851,2020-05-30 13:39:30+02:00
ba664898f72eb9656b134ecfff12e52e8d7f2027,2020-05-29 17:55:39+02:00
b92069971e3c0ab9ec9ee773499fe0463ea1b44b,2014-06-13 12:38:23+00:00
e1cddb536e5f44fb4f8bf870c7257a94eb350b05,2014-06-12 12:46:21+00:00
d23e57aab592b3eff9bc1a13bf3a8b1b5d4a6ed4,2014-08-14 11:53:22+00:00
1e97bd6408ffefbbfbb99879f89f131c1df3cd18,2014-08-14 11:52:46+00:00
3ab261201d4909c4c0f88d6e6ce1466912069df1,2014-09-08 13:27:48+00:00
d6b7583a274bfeba93705762361fc601f8f19364,2014-09-05 13:27:37+00:00
53c467cb35741d9c2e6d59d1110918e2a29c04ed,2015-04-20 08:17:43+00:00
eb4d9e69a21bbfa26f5bf103a8caf6330a73ffb1,2015-04-20 08:12:32+00:00
b3173da473b3c84b214ca381df36154923ea436d,2015-04-30 10:12:05+00:00
6fe5792e381eae10b6c00a7c5ae44670d7d125f7,2015-04-30 10:04:08+00:00
413727f74e3031d45b639f9574d7176f29d1b841,2015-05-04 11:12:16+00:00
57c96ada2a2d6af19ad1ab9adbb97fc5124781d4,2015-05-04 11:07:23+00:00
79a88022a9bd689b43fb2394b2cf6080a6c47317,2016-01-15 11:40:31+00:00
846ee7b45dc7b597e124df1caaee4128ce36ebd4,2016-01-12 11:20:57+00:00
e9e3af2c1ca622b4453e94ae020393ddb00297c6,2016-03-23 10:17:01+01:00
67c92489d6e32114203833498c72dc6771ca885f,2016-03-11 09:22:14+01:00
88e11bb3a0e74b14dc582153fefaf2a5790f7cc3,2016-08-21 11:17:14+02:00
241a9ec6366f65302149ac4134b06f2d86d9e755,2016-08-16 12:12:07+02:00
4af795a5c6458bcacedab5a1a0ab4f0647725d32,2017-01-19 12:01:48+01:00
45cd4df01d9adcb154644561f2845ee77792696d,2017-01-18 18:42:06+01:00
62d383682ed8b618dab97bafe71ca593d270db35,2017-02-21 15:13:30+01:00
698a1c37478b8bf61ee89ffd1921507b9d2f3660,2017-02-12 20:30:54+01:00
5fd595fb71f6956033c0fa4284af74fd2e5291c0,2017-03-28 12:42:15+02:00
04049850ce12c1a09b1b90b781820dcd60ee5310,2017-03-28 10:54:15+02:00
5110e05bffde37ed3ee603ade571c37277fc7302,2017-04-20 10:49:40+02:00
38887110380a8a50131b67b2c05278764906481c,2017-04-20 10:02:18+02:00
7db8e6cd09522a3d9eb08fcf62674f3088370fc7,2017-11-21 10:55:16+01:00
183744932914f5984d128878b335021e4420ba51,2017-11-21 10:54:34+01:00
9258ed93cc76506f9ba94148f1b13419381877b4,2019-05-23 13:04:26+02:00
a28dd078dd3968281ea48533f480553622dc6fc4,2019-05-23 12:16:19+02:00
be7d5bc7c54e2e33e7b6677c47f90a9014da1344,2019-07-31 16:39:16+02:00
b34d10127a81014491217d8546b1416d8722d5b7,2019-07-31 16:32:23+02:00
1ae3da74184395d836a44c5433028880c2b7c064,2019-08-01 12:02:13+02:00
be7d5bc7c54e2e33e7b6677c47f90a9014da1344,2019-07-31 16:39:16+02:00
08f10a6b8587fcd512cc76a72d6d78b778c6fdef,2016-06-11 16:37:59+02:00
da33598525412f68c0641dd28afb9880e3e59c9d,2016-06-11 16:34:42+02:00
440fba5e31024cc4b1f1ae2c4fe8c35719e3ee69,2017-01-17 15:06:31+01:00
42854cf3c88fe5b0e30837cc7cf74876218270a5,2017-01-17 12:39:47+01:00
ec11930d531ea967b277ff4e53b457b7cfc4930b,2017-03-17 15:30:09+01:00
db0d3d91accb347493fa0662ed96fd40e9bd2455,2017-03-17 12:19:31+01:00
8d19d675b992a1bb285349f50f0a9060af1dbb8d,2018-02-23 21:59:43+01:00
55e7de027c47ecbf4c3680366cb12efb1b6b7b8d,2018-02-23 21:58:48+01:00
0f6b72b808712131169c2eee02644472f5263956,2018-03-14 13:54:37+01:00
47ea791f79ed73aac4df20a1453885d7137a260e,2018-03-05 16:22:36+01:00
841e09d8ac1dfbf6e187c66c96819343927e9ed8,2020-06-18 17:35:14+02:00
b79c02aeb691344bc47ab3b317c52b543259b311,2020-06-18 11:18:38+02:00
0c043f239983a00f55683850ad9add09ea23a1c7,2020-06-19 12:21:19+02:00
dff33f5b87490b1b53687fc9f6d7f109a988d7f6,2020-06-19 08:59:27+02:00
f6cab192121cd38bb7b93ee300bb4ad91f0f9d7a,2020-06-19 18:43:01+02:00
b49d6bea1419b7cbffdf7974c14c427504748875,2020-06-19 15:56:14+02:00
bbf2e40d891d14753d93bc688fa94b9d3fb3fcbd,2020-06-23 10:51:17+02:00
4319ecfb740904bd52cdc073d1fe7d547809401e,2020-06-23 08:42:02+02:00
53fe441e5334de3ef6f2df5d3c10be112fabadcb,2020-07-17 13:27:36+02:00
e266c09acf33bd26d597d22ffe2e51f663a1ab67,2020-07-02 11:37:45+02:00
2df93e264466292c530614dd0fb44943b64698fa,2020-07-21 15:51:30+02:00
0848ead0876f2ff443491e454363cb6a3b17f395,2020-07-21 15:48:04+02:00
88d2a3552cf4a095443ad538cdd93bad87870cd1,2021-09-23 15:36:25+02:00
73ab770897b1d445fb206f3557bf9defeaaa6c47,2021-09-21 16:06:11+02:00
afccfd1f193e496d347db80504954f503998aef6,2021-10-05 16:49:20+02:00
2e6c01c5ab02c6df2ec19f2080bad31cd2a4cfe8,2021-10-05 15:54:40+02:00
78d62051784881bad222bc2a2528be6551205a52,2022-02-01 13:12:05+01:00
fc79b799f51048a0275ceaf135caab0a72fb4b23,2022-02-01 13:07:04+01:00
114333a8c5f7c2a087d3b66920a50d48c3c14ae1,2022-03-01 13:09:09+01:00
115e2fcdee76971ebd9dc5e87efcce2cce16bbd9,2022-03-01 13:07:46+01:00
ae6245a2f6a2bf17a48028acfa77dc2cf810ff18,2022-03-03 12:00:17+01:00
253d4843c4dc8db295f3151f5a2dec1abbcc4593,2022-03-03 10:22:28+01:00
